-- phpMyAdmin SQL Dump
-- version 4.9.0.1
-- https://www.phpmyadmin.net/
--
-- Servidor: 127.0.0.1
-- Tiempo de generación: 11-12-2020 a las 16:58:31
-- Versión del servidor: 10.4.6-MariaDB
-- Versión de PHP: 7.3.9

SET SQL_MODE = "NO_AUTO_VALUE_ON_ZERO";
SET AUTOCOMMIT = 0;
START TRANSACTION;
SET time_zone = "+00:00";


/*!40101 SET @OLD_CHARACTER_SET_CLIENT=@@CHARACTER_SET_CLIENT */;
/*!40101 SET @OLD_CHARACTER_SET_RESULTS=@@CHARACTER_SET_RESULTS */;
/*!40101 SET @OLD_COLLATION_CONNECTION=@@COLLATION_CONNECTION */;
/*!40101 SET NAMES utf8mb4 */;

--
-- Base de datos: `libros`
--

-- --------------------------------------------------------

--
-- Estructura de tabla para la tabla `autores`
--

CREATE TABLE `autores` (
  `id` int(11) NOT NULL,
  `nombre` varchar(255) COLLATE utf8_unicode_ci NOT NULL,
  `apellidos` varchar(255) COLLATE utf8_unicode_ci NOT NULL
) ENGINE=InnoDB DEFAULT CHARSET=utf8 COLLATE=utf8_unicode_ci;

--
-- Volcado de datos para la tabla `autores`
--

INSERT INTO `autores` (`id`, `nombre`, `apellidos`) VALUES
(1, 'Miguel de', 'Cervantes'),
(2, 'Federico', 'García Lorca'),
(3, 'Gustavo Adolfo', 'Bécquer'),
(4, 'Antonio', 'Machado');

-- --------------------------------------------------------

--
-- Estructura de tabla para la tabla `editoriales`
--

CREATE TABLE `editoriales` (
  `id` int(11) NOT NULL,
  `nombre` varchar(255) COLLATE utf8_unicode_ci NOT NULL
) ENGINE=InnoDB DEFAULT CHARSET=utf8 COLLATE=utf8_unicode_ci;

--
-- Volcado de datos para la tabla `editoriales`
--

INSERT INTO `editoriales` (`id`, `nombre`) VALUES
(1, 'Espasa'),
(2, 'Grupo Anaya');

-- --------------------------------------------------------

--
-- Estructura de tabla para la tabla `libros`
--

CREATE TABLE `libros` (
  `id` int(11) NOT NULL,
  `titulo` varchar(255) COLLATE utf8_unicode_ci NOT NULL,
  `idAutor` int(11) NOT NULL,
  `idEditorial` int(11) NOT NULL,
  `isbn` int(11) NOT NULL,
  `stock` int(11) NOT NULL,
  `precio` float NOT NULL
) ENGINE=InnoDB DEFAULT CHARSET=utf8 COLLATE=utf8_unicode_ci;

--
-- Volcado de datos para la tabla `libros`
--

INSERT INTO `libros` (`id`, `titulo`, `idAutor`, `idEditorial`, `isbn`, `stock`, `precio`) VALUES
(3, 'Romancero gitano', 2, 1, 123457825, 25, 15),
(4, 'La Galatea', 1, 2, 1589745847, 10, 34),
(5, 'Rinconete y Cortadillo', 1, 1, 45649872, 7, 23),
(6, 'Rimas', 3, 1, 564897854, 2, 22),
(12, 'asdfasdf', 3, 1, 2341234, 23, 23);

--
-- Índices para tablas volcadas
--

--
-- Indices de la tabla `autores`
--
ALTER TABLE `autores`
  ADD PRIMARY KEY (`id`);

--
-- Indices de la tabla `editoriales`
--
ALTER TABLE `editoriales`
  ADD PRIMARY KEY (`id`);

--
-- Indices de la tabla `libros`
--
ALTER TABLE `libros`
  ADD PRIMARY KEY (`id`);

--
-- AUTO_INCREMENT de las tablas volcadas
--

--
-- AUTO_INCREMENT de la tabla `autores`
--
ALTER TABLE `autores`
  MODIFY `id` int(11) NOT NULL AUTO_INCREMENT, AUTO_INCREMENT=5;

--
-- AUTO_INCREMENT de la tabla `editoriales`
--
ALTER TABLE `editoriales`
  MODIFY `id` int(11) NOT NULL AUTO_INCREMENT, AUTO_INCREMENT=3;

--
-- AUTO_INCREMENT de la tabla `libros`
--
ALTER TABLE `libros`
  MODIFY `id` int(11) NOT NULL AUTO_INCREMENT, AUTO_INCREMENT=13;
COMMIT;

/*!40101 SET CHARACTER_SET_CLIENT=@OLD_CHARACTER_SET_CLIENT */;
/*!40101 SET CHARACTER_SET_RESULTS=@OLD_CHARACTER_SET_RESULTS */;
/*!40101 SET COLLATION_CONNECTION=@OLD_COLLATION_CONNECTION */;
